actual_price,predicted_price
4316,4083.55
5099,3897.3
9864,10273.03
42457,56845.04
2476,2903.32
34460,33105.64
4099,5196.05
53152,52448.71
11488,10818.91
57057,63460.58
6296,6557.52
8958,8946.74
4449,6880.87
45693,45187.97
13182,12172.47
7352,7459.51
5276,5039.42
6606,7837.3
8414,7265.06
4933,5926.93
6883,6958.89
38099,47911.68
56588,41753.535
3862,4174.4
6256,5633.09
5896,5894.88
5656,5681.11
6956,6913.78
8143,4751.29
5818,6017.93
59537,54369.92
57529,60246.10333333333
58394,55662.58
52175,53105.22
14094,13164.24
6067,6061.53
44546,59973.64
51819,54862.89
68743,59502.88
29954,37512.59
70364,74552.38
4348,7701.79
6855,7646.03
48079,49066.61
51707,51514.4
72125,68730.54
42724,39996.76
52063,52164.34
66063,60533.23
60396,62139.82
45257,49434.28
49992,48738.83
8719,6090.42
17647,14155.5
7458,7470.54
7774,9585.3
61404,62043.45
17493,12158.79
11069,12860.94
56588,49509.61
1830,2738.5
18305,11602.5
8277,5067.01
5939,5280.4
37985,45846.24
6461,6753.27
5761,5813.36
56476,53574.37
13875,5917.98
8370,5954.37
7421,5854.8
7442,4937.93
6518,6799.31
8893,6578.42
5182,4544.42
13874,13390.36
6287,5468.09
4477,4837.93
6360,5316.31
5322,6138.78
4112,3149.06
16866,14152.0
5523,5662.9
6929,5788.66
4027,4311.37
60260,57965.5
5135,7444.98
5087,5627.87
4663,4989.122
54608,55651.5
44571,50518.91
5220,11400.85
9907,8934.243333333332
42457,42876.34
1998,2051.01
24056,27330.52
10071,11432.19
60508,59071.97
4979,7221.03
57017,56993.29
62625,54639.87
41064,49066.24
17794,17819.32
1755,2061.5
49613,50174.32
1755,2155.44
8604,3642.86
45776,47236.08
13524,14226.75
6489,10454.32
11129,13853.26
47586,43097.46
6008,4534.17
3988,4805.05
8276,11601.62
4173,5558.759
114705,80001.7
6461,6935.28
8258,6632.76
7425,12936.86
5103,8738.6
4363,5118.11
1830,1927.24
2124,2124.44
7489,7499.33
3646,3341.76
42521,42974.52
5177,5301.98
55983,59217.32
57992,59779.57
11205,13561.87
44144,45706.69
4499,4472.54
27976,27290.28
3759,4637.53
5605,7710.81
37985,47162.32
6578,6542.93
3282,4299.74
4203,4483.27
3191,3153.01
52287,52750.99
4453,4458.25
6133,7027.87
4919,6962.44
8534,12397.91
51595,45184.21
4111,4652.22
12054,13129.98
7425,10204.76
4069,6317.37
9201,11722.89
2098,2849.39
44280,54408.89
5772,5739.83
52063,50944.6
3810,4860.57
4328,3215.859333333333
12120,7356.01
9181,7138.37
5955,5944.93
66377,73992.7
4792,5069.84
1551,1876.8275
11319,9403.32
2203,2760.28
40435,49249.18
4249,5899.65
4589,4429.77
70543,61104.89
67769,69569.09
1714,1765.96
40296,31945.49
7425,7949.03
11298,8757.47
61873,56580.76
49553,47773.92
59033,44939.73
12007,11457.0
6466,7177.95
4942,5507.76
1755,2530.37
69737,71025.46
5888,5482.821666666667
14364,15590.72
4230,4697.42
4111,4906.31
7080,6386.48
72125,64342.81
7487,7052.96
4281,5386.25
54841,54619.4
5605,6862.43
66928,66788.7
1776,1833.535
3393,3601.71
50271,49276.52
11650,11850.37
5549,5737.12
52287,65372.72
5556,3787.43
5772,5958.4
39847,49842.51
2409,2380.53
4672,5330.96
3475,4663.15
23773,7313.07
64113,63550.76
6153,6008.01
5954,5483.58
3979,4450.45
6461,5798.55
39321,41380.72
62045,63054.88
62188,75691.45
7877,9914.67
7584,11076.73
12078,8524.92
59033,44546.83
5632,6795.36
3681,3014.13
7423,7648.03
21285,14202.68
3625,4323.89
59033,52307.69
2050,2406.48
6985,6310.86
53552,54311.37
5502,6135.65
60508,63693.9
4439,4292.15
5232,5381.64
51875,56161.85
3988,5026.01
14649,13755.87
48079,49235.58
6487,7891.12
6058,5708.45
4452,4583.98
6314,6288.4375
37594,43159.97
32859,32859.0
9771,8382.43
52063,52129.98
79817,63131.22
14040,7878.39
6067,6159.86
59290,54261.15
11129,12859.14
18209,12639.22
9178,10253.89
5654,6015.96
5810,6856.36
6311,5788.01
2050,2420.0
60260,52336.4
5881,11106.66
72697,75092.22
8029,8132.13
6489,6360.79
15854,11895.07
11205,12205.29
6353,6733.93
4385,5660.25
5953,6066.12
1776,1816.42
1551,1898.7875
4294,4938.94
10355,11319.92
3621,4556.12
3334,4515.83
4073,3497.11
21316,16303.15
5261,3986.31
4439,4605.16
5954,12576.43
4071,4257.454333333333
1998,2358.59
41314,53584.53
3998,5323.16
6461,6718.57
4202,7816.83
8489,7001.84
2339,2341.5
9840,11979.5
16443,15134.27
2621,2654.06
7774,11081.67
45185,42948.39
23944,25901.08
5654,4372.21
3862,4082.75
51707,45294.61
5955,4091.95
56702,45639.5505
3298,4171.866666666667
45600,54803.5
2022,2202.08
6568,6689.03
7697,6922.32
38043,47752.47
3980,4151.39
53152,50387.58
5523,5336.05
4173,6715.02
8112,8287.95
58111,59619.62
4498,4480.43
39321,39497.67
8641,10072.25
56702,54493.82
11854,12208.48
59265,55301.64
12288,14153.53
4020,4367.75
5943,5974.22
56588,49162.32
5549,5952.92
44013,50148.87
4790,4257.76
51117,50471.4
4001,3133.9
58247,53777.18666666667
4165,5065.99
5949,5969.28
3869,5021.72
5955,6063.31
4453,5214.71
6623,5908.9
38056,30731.19
62448,68300.77
3401,3496.91
9861,16691.31
6587,6557.67
4173,5715.87
2339,2388.58
5950,4910.44
55983,60622.46
54777,57504.44
7910,7195.59
13122,12773.72
2516,3837.38
12771,10252.86
5206,5453.4
5399,5460.63
5955,5181.64
62561,61109.85
6133,7730.05
64113,69643.27
54896,56628.74
7240,11568.7
23838,23659.92
1543,2855.41
8003,5105.59
5622,5637.45
60396,59925.23
4086,5103.23
3819,4967.58
7950,9191.26
5292,5714.5
3177,3725.98
2621,2616.52
2623,3136.81
5102,6836.88
4173,4870.19
6015,5997.27
45883,47228.5
12308,9590.81
5916,4072.58
68317,56189.5
61049,64954.91
58876,49387.73
87301,63766.02
66063,63827.0
11739,14340.25
5949,7015.85
49613,49981.07
7005,7243.65
8112,6965.69
5805,5115.71
16319,13806.96
9577,7255.48
4111,4569.24
12120,8308.85
2704,2535.93
6488,7547.12
39377,48085.91
2836,3184.83
32420,45613.74
5390,5379.15
4496,4737.0
3471,4533.63
9274,12582.73
8355,8114.54
2476,3649.53
2336,2447.34
2203,2286.68
4672,5130.01
28510,28389.42
41314,48634.4
4417,4983.67
4977,5781.86
12780,8706.88
9201,10892.13
69244,67024.34
3988,5017.25
51817,62136.78
4914,4888.71
7950,9322.75
44144,62319.15
14627,19307.04
5507,5475.716666666666
44405,40406.36
7425,7294.77
2723,3424.3295000000003
5960,6383.89
4213,3568.04
4496,4692.61
84095,78488.02
3374,1795.71
12267,10784.8225
44069,46702.04
3346,4334.99
60978,58158.31
6488,7436.38
49553,54235.82
61874,62667.7
3699,3756.09
4672,5655.67
5574,6140.14
41652,42923.225
4276,3308.1
16214,8441.44
59805,59934.87
2276,2299.26
18879,18968.81
13801,5781.68
56588,55198.55
4977,5236.59
59827,52528.94
3843,4763.662
49177,52997.04
17054,15712.39
11372,7940.27
12071,10847.12
54608,67903.41
5953,6449.12
3389,4297.56
45693,47369.03
11205,13336.35
11617,9867.89
41101,48932.83
6711,6370.57
4284,4839.45
64831,64171.02
6397,7974.13
2124,2124.0
5174,2571.82
2339,2341.7266666666665
5388,4533.22
11650,12147.08
20274,13158.64
44144,51323.68
20077,11241.88
4962,4804.02
7978,6258.27
11593,13168.31
45257,47567.76
5177,5896.34
2339,2341.5
3361,3783.07
8306,9419.53
15024,10485.79
4230,4798.7
56588,59978.11
2723,3141.6875
22140,22216.36
14880,14679.32
4496,4992.58
1694,1932.48
9241,11820.69
6395,6427.46
5409,2529.07
49553,54403.3
5060,5170.84
4202,4334.525
65529,67121.63
2050,3347.76
80544,54725.66
3219,5675.91
5949,7362.99
13728,13338.2
7813,9247.87
6489,9454.96
2339,2550.12
7005,8712.87
55377,59350.26
3471,4106.75
5761,6252.173999999999
6268,5482.821666666667
2250,2299.75
26296,36542.48
41269,43544.26
51707,49054.59
63027,60879.06
41314,43164.31
45257,54206.57
3015,3742.39
4496,4692.65
12318,12842.49
6067,6142.21
51697,50522.34
14702,17165.5
13184,10469.14
74880,66129.6
45257,56889.22
4007,3933.72
10850,11924.13
5942,6794.39
5120,6373.73
6450,7568.54
4229,4850.25
5132,5161.64
60260,54744.62
8104,7594.18
2339,3007.96
45672,59496.96
3236,3461.185
3860,3100.8480000000004
5674,4790.72
6669,4980.46
28510,34793.77
2359,4266.67
57565,65700.44
51117,51718.09
3344,1600.1100000000004
2482,4278.1
11488,12246.87
32420,42753.48
2022,2699.15
5943,6072.6
4368,5318.87
56702,54980.19
4325,4866.2
5414,5969.79
6488,8420.86
69785,48873.4
41101,52946.14
8538,5336.9
5102,5248.09
4477,5042.91
1890,1900.81
5598,4813.82
39321,39896.65
5177,5756.24
6711,6289.73
6017,5557.7
21479,20585.56
45883,42506.48
47205,43643.25
5790,5848.435
3282,2172.87
53152,52929.49
5937,6777.98
3979,4993.74
4313,5661.37
4795,6699.98
7425,7715.38
2410,3471.03
4390,2875.11
2436,3435.95
53071,62639.82
11205,10306.92
13054,14593.54
29094,36761.94
60365,57993.84
4205,4814.23
5760,6424.84
13524,14156.77
5166,5561.91
58125,58583.17
10349,10450.23
17487,6421.32
51117,49379.63
2862,4583.73
7927,11487.34
5942,5993.34
10961,13540.29
7767,7285.64
11383,10270.43
2516,2503.5146666666665
4007,3889.54
6262,6961.18
50894,58559.43
5475,5300.48
44280,44799.14
7763,7622.42
45185,52281.75
4149,4339.8
7954,9116.07
60365,58286.8
11205,11426.8
2051,3648.2295
17989,13905.15
14880,14347.41
41281,50822.35
2201,3115.515
27864,30156.97
4663,5069.57
53440,59081.62
38099,40276.9
60508,60450.19
3563,4707.77
64285,62645.69
3298,3429.9258333333332
11469,10826.23
44280,47860.12
35490,44699.86
3014,3347.38
73369,70278.82
16353,12556.5
55983,59528.01
14620,12885.38
19774,9798.24
5568,5098.86
64113,65320.03
10058,11029.11
6067,6156.9
3428,2879.265
4469,5552.89
57992,55639.4
41101,47117.67
9201,11846.63
60160,70292.7
7004,6954.08
60365,51373.85
3855,4944.08
4348,5065.06
59021,57167.76
24122,24517.36
6578,7144.18
73581,65244.82
51819,56023.15
5790,6119.36
29170,54701.92
3862,3881.8
13916,6567.67
5639,5092.31
7584,8984.67
2105,2270.62
5322,5523.34
28510,28496.43
20760,20760.0
5418,5389.94
3569,5937.89
24234,24548.32
57920,58034.63
5670,5978.29
56590,56215.69
2124,2274.88
12321,12434.27
4453,5844.6
13054,10256.83
56702,49098.23
4814,6111.95
1694,1726.14
6167,5397.16
3072,4170.2
4672,4861.68
6158,5993.35
8253,9261.8
66928,67355.26
6195,6732.19
5949,6165.28
10418,6886.64
51707,59816.53
53552,47828.45
55750,67544.6
2410,2410.0
12990,14027.14
10680,11764.82
3362,4179.05
104255,75324.93
5292,5561.77
2336,3016.35
7352,7769.94
3090,3536.13
45033,46351.38
7387,7517.57
28510,27914.64
37929,52771.43
5097,5370.53
6296,6175.6
4939,5891.89
5960,6218.64
4691,5137.7
1544,2460.85
11048,11244.35
59033,61467.92
9840,11722.58
53152,53687.14
61933,65469.32
21141,5769.32
56588,57516.7
60508,58284.14
4439,4136.0616666666665
5850,4111.8
44432,52757.56
49613,49427.33
4210,4090.11
25013,14077.34
7290,4638.5225
2250,2688.97
6866,3153.89
49725,59948.91
12214,12110.1
2124,2079.09
77355,73338.1
60396,61560.49
4499,4515.3
3361,5029.85
9383,7614.95
22140,22959.56
2201,2201.0
9820,10151.69
5322,5548.4
5523,5631.15
4620,4569.35
57565,65543.59
52287,47100.105
4696,3662.44
54777,56337.57
42521,39054.55
5037,5781.5
7669,4388.92
58315,65369.81
9136,7718.54
5949,6025.98
6489,11641.37
4094,4956.4
5954,5449.27
60396,51131.91
67004,74532.73
5046,5874.26
3860,3912.466
4417,4983.12
5147,7565.82
6324,6381.37
15531,11564.92
44280,49135.2
6892,6412.92
2339,2360.16
5954,9100.02
54115,53112.36
7973,7185.68
67004,66257.38
1776,2999.545
4229,5200.12
6578,6463.45
6067,6097.88
6292,5597.68
64173,64251.61
60508,60562.43333333333
51817,52047.09
5012,5628.87
3727,3578.38
6597,7992.38
6618,6178.73
7572,7107.54
4979,9514.69
38099,50291.2
3213,2447.888
53209,50688.88
5465,5437.97
6412,7432.07
4169,4887.62
9866,12709.75
11664,12681.7
2477,3340.66
4863,5271.24
12045,7559.51
49725,48619.96
57565,69237.38
1694,4427.625
27976,27276.71
10376,9150.94
50271,50318.16
54128,47367.87
2901,2848.06
8186,6693.33
6805,4244.92
51817,61221.633499999996
5507,5918.08
55377,57497.69
5184,6169.9
2738,2876.02
8234,7196.76
4348,4225.29
6015,5838.01
7021,9927.85
4417,5835.42
21108,15588.82
5761,5900.66
70431,67962.17
57992,58869.69
5805,5070.25
39622,46421.72
75504,73031.07
51059,56593.0
4173,4985.71
60978,63477.43
7900,6438.95
6133,4957.63
54608,62520.67
11834,11489.193333333333
2476,2488.15
46097,48594.36
7221,7459.17
67004,71811.83
4390,3977.33
5322,5898.81
4879,5610.89
5420,4657.47
3014,3294.05
15708,10305.01
19542,13044.91
62793,55489.49
45600,48084.65
3428,3031.12
53164,52080.36
93312,55517.51
11755,10585.04
11520,13850.03
51057,50521.37
39499,42366.88
6502,5919.47
13138,6140.2
45693,50328.34
7099,4703.79
6296,5838.8
4357,4853.528666666666
86996,63869.84
7958,7850.38
4453,6531.04
65529,68641.04
5178,5259.135
2393,3518.6264285714283
2203,2285.57
55502,64231.08
5104,6066.54
6318,5561.11
51457,57797.87
5040,10118.45
4531,3944.48
6135,6482.59
7877,9765.55
11520,11643.27
6489,9294.49
51372,49355.26
7176,6751.47
2977,2371.63
6008,4538.05
56991,58286.91
5103,5193.26
6487,5946.87
8601,7631.4
60396,59491.5
4030,3886.16
4942,5071.06
52392,54294.1
3334,4819.35
6271,7929.31
4173,4879.42
3291,6224.12
2124,2160.25
5880,6529.72
2339,3261.37
7106,7277.67
17388,11829.61
45883,45447.98
6067,6825.75
6502,7085.0
1924,1915.24
54777,53607.2
4499,3883.11
7072,5546.11
7135,8079.56
2098,2111.16
32859,32943.45
6197,4776.72
48079,50508.06
45693,45744.75
60508,58972.68
54608,53842.58
7683,7157.32
72125,64058.29
8088,14625.86
66928,76769.53
56476,49748.98
5810,4408.265
5949,5948.32
4451,4611.82
5953,5972.17
9904,12570.64
45805,55410.88
13103,13316.96
4792,5844.47
48882,45897.83
45600,53058.9
6339,5788.92
57405,50733.13
7021,6756.91
7360,5532.52
3999,3981.53
9501,7267.76
4453,5776.05
6461,6707.72
4284,4591.97
45144,43008.06
11488,14674.15
6398,4063.02
50271,50031.41
3450,3217.44
16739,19096.02
12360,8953.9
58394,53031.74
7437,5699.02
2723,3109.5345
39321,38573.5
5590,5200.435
5954,9859.67
14367,10286.79
38099,41700.47
3393,3399.02
2476,2725.0
4979,6496.8
80566,66163.39
6324,6209.49
67004,65122.8
51345,52168.04
6015,6024.75
5097,5369.6
57017,58819.94
28872,33759.89
3129,4444.066
6487,6422.58
4173,5178.67
6009,6838.27
3935,3395.2
6132,5824.77
11139,11331.746666666668
5606,6842.24
6437,7368.44
12978,12315.74
6678,3065.34
38099,41010.53
5888,5356.2
6633,6911.49
7353,8147.39
5407,5657.2
39555,51762.31
10489,6328.63
3971,4867.562
4202,5461.69
49553,56233.25
51817,57466.56
42521,44235.56
4387,2719.13
6339,5782.44
4977,4905.89
4751,4119.82
4971,6118.26
4111,4246.08
44622,44789.28
3010,3742.01
50751,32875.13
5241,6410.65
7572,6248.34
3574,4904.88
1694,2367.04
3108,2989.59
45883,45883.0
62524,75407.76
8904,7894.28
5777,4541.95
58111,59612.25
6450,6582.59
5102,7408.16
45097,56882.72
12110,4022.7
9623,11937.13
6723,7268.47
4637,6099.02
5098,6691.49
60489,57154.77
2336,2722.32
60508,59575.81
6568,6634.28
65033,54871.16
5953,9375.84
55983,54760.84
2738,3174.8
2343,2796.81
3253,5314.86
5632,6109.69
7484,2922.48
6932,7773.15
5360,5375.04
7909,4235.33
3253,4293.05
2738,2773.23
56702,48163.17
7958,8107.49
42521,51802.01
38099,43009.04
7576,6679.95
6082,6366.26
7418,5876.31
51819,53778.72
38099,48317.03166666666
8006,5983.8
2477,2587.32
45672,48935.93
63725,69998.12
65529,62997.4
60508,54638.28
6133,5693.92
42521,43194.92
47844,50452.02
9905,11989.63
7785,6379.21
4593,6857.35
11069,11657.67
5939,9839.32
7412,7576.65
13086,9832.52
5231,4539.56
6012,5914.2
3389,3449.76
15309,13427.01
5027,4265.23
38356,38084.57
45693,45344.14
44280,49726.16
7141,8178.88
3467,2846.98
44280,49796.81
6568,7110.86
4454,4272.39
4559,6013.21
56476,48760.34
50271,50278.86
5817,5691.25
62617,58680.0
44571,54350.98
15481,17516.55
5949,6444.61
9201,9857.76
74305,57046.79
11580,4794.77
2124,2124.0
7081,7052.03
36700,35618.1
13798,13467.6
5134,5107.97
60260,54957.74
2694,3189.9
2339,2344.59
4496,4881.64
5227,3120.91
5206,5523.23
4555,6373.95
4402,4881.78
5087,8068.08
5823,5850.13
8224,6766.68
41281,42410.99
32646,51916.58
11437,8180.05
5430,4684.8
32859,33644.75
3940,5888.95
4416,4856.88
5212,5401.38
56702,57487.83
51595,51856.04
51819,55735.75
61695,59422.02
16423,13223.7
18150,11542.74
12687,10648.99
6488,8032.28
44583,43020.6
2614,2922.31
7462,5187.24
16245,14668.74
67004,65483.38
4977,4820.44
2603,2921.79
5823,5720.21
5037,6378.76
54684,54701.92
5868,4033.69
59929,63194.73
32230,49017.92
6082,6280.55
4500,4501.55
3090,3279.79
3346,3629.91
5337,4599.47
6724,7171.82
6450,5357.84
10018,10754.03
49613,50600.49
3916,4224.14
7360,5539.78
4020,4244.02
4853,2292.2
15992,16601.05
6734,5367.71
5852,4715.86
4496,4017.74
65517,58905.9
7476,9500.14
11205,9643.03
7978,6283.47
54841,58707.79
23424,22465.34
76681,68830.44
5007,5777.4
5954,6628.382
4453,6351.97
14364,15256.13
49725,45858.02
54684,54269.19
47844,42196.16
77329,66083.08
4165,4445.09
55377,55265.83
6474,6118.91
9241,12535.11
56590,52060.36
2723,4317.1
56588,48905.58
5660,6426.34
6032,5947.23
5206,5312.04
2203,2278.08
6841,8242.79
5293,7747.84
4111,4900.11
9670,6225.71
64113,86431.94
4111,4775.88
6312,6155.53
13014,12881.69
44144,45653.09
54608,53317.8
10069,12951.23
4209,5394.08
41269,41075.63
5622,5952.0
3862,3929.94
11508,13281.29
16286,14649.43
12054,12724.82
15708,9872.63
59021,59103.56
5606,5466.36
1654,1986.7651666666666
7958,6596.07
4363,4216.29
4079,4083.39
38099,41745.89
57405,43704.65
4020,4449.02
1890,2428.015
7466,9929.71
45257,49852.51
4896,4898.31
39499,39589.26
60508,60281.32
4574,4818.24
2738,3547.97
11853,13989.45
8148,9519.48
5955,6120.95
12223,16663.98
44280,52115.75
57939,46893.03
14150,13986.58
1714,1766.78
4908,5612.74
5949,6195.93
67769,73473.71
2836,3070.13
6632,3690.74
61933,62900.16
5660,6987.77
11059,12766.79
44144,44958.5
45672,47747.94
49613,49895.63
4896,5182.71
9879,9588.71
7584,9374.46
77196,69214.81
12768,12114.17
4755,5563.54
48795,50248.87
2436,3036.94
5942,7747.18
5677,4951.15
2276,2875.5333333333338
5087,5733.94
64495,76216.53
4784,5418.09
6186,6404.1
4724,6104.82
4357,4763.37
5882,5258.55
28510,29609.97
54840,54376.75
8640,5306.15
66928,66388.88
20684,20684.0
67130,57980.62
5179,5174.51
3621,5141.26
6082,6347.86
70543,65189.43
61023,63125.32
12150,12405.5
5292,6098.64
39847,35550.1
4715,4951.34
5410,5310.71
4896,4622.06
2203,2243.15
6133,6376.01
6558,6173.18
2201,2630.4366666666665
13258,12429.69
30092,43525.86
73481,66562.83
5875,5346.26
4173,4667.11
2124,2124.0
13391,15133.9
3393,4513.95
69168,73379.97
44280,57089.42
44144,54162.87
4499,4497.6
27864,30013.94
11675,13805.61
2105,2153.2
4796,4284.19
7813,11632.96
6308,5503.87
69065,64016.85
4944,5029.39
3862,4173.11
60160,58988.09
3361,4606.4
5954,8450.67
51817,63802.94
56207,54934.95
2395,3086.959166666666
51595,51571.49
31436,26447.74
5087,4452.82
60365,62717.3
5232,5986.11
4663,6441.044000000002
57992,57654.08
22152,23168.4
3357,5183.99
9201,13920.25
2477,2475.84
7352,9818.71
2050,4392.02
64831,63917.53
60396,57851.7
6295,4852.45
4099,4630.99
7423,11302.33
61032,55924.79
2603,3203.48
2477,3479.72
6695,6500.0
49177,58011.24
8092,7704.13
4020,4145.39
3528,5487.21
11129,13841.28
5333,5814.49
4357,4588.44
4933,5067.18
4105,4700.37
54896,57715.49
41314,48485.335
12328,9154.83
5321,5554.99
16286,12288.86
51707,51557.75
3672,5447.95
4968,7203.4
4284,5812.17
4558,3793.081666666667
5953,7935.48
4111,4646.16
5320,4460.32
3072,4312.57
3943,6052.87
10993,6324.12
5761,5878.58
10008,9970.84
6939,4237.66
51817,59639.53
7412,8433.36
7425,9449.98
14176,6337.62
62448,65790.3
3401,4000.6141666666667
4368,6847.72
56476,56456.34
20507,16899.93
3334,4136.5
55087,67455.77
16212,14186.15
2056,2222.12
15014,10342.39
53164,51755.86
3831,4223.63
9312,9275.02
6568,6638.63
68317,56614.13
3944,4433.46
4151,3892.49
43376,47213.51
5206,6224.4
2056,2127.28
6450,7746.6
3762,4495.235
8118,10790.78
12033,11172.0
49613,49658.12
6723,8826.81
3393,3577.37
32556,29313.61
5660,6860.21
29764,45622.1
15154,12035.51
55983,56222.76
3153,3150.28
2966,3492.72
3860,4667.636666666666
12779,7661.53
15543,15103.34
4020,4132.48
54896,55845.44
4071,4581.04
50361,55004.14
66928,63634.98
60260,58166.62
3778,5861.8
4593,5911.64
42457,52155.82
4417,4293.768666666667
66928,65800.47
5292,4908.86
6131,7403.93
10961,12222.58
6115,5763.484166666667
4414,4077.59
71979,75497.44
37985,43553.97
5771,5892.33
6375,7045.17
7845,4500.77
65875,56982.36
64285,66007.1
3916,4744.2
6568,5983.93
6489,7544.81
49613,49408.93
35532,44720.33
6690,6420.29
4086,5845.99
13122,14281.758
6488,6208.13
27864,27881.34
9241,9939.48
23898,24253.9
3393,4162.42
50271,49375.92
4020,4187.16
4570,4723.31
6072,4742.86
6158,5544.12
13054,11788.94
5406,3321.16
56702,50288.49
4211,4425.13
4939,4896.87
4230,4819.69
69244,70072.63
57017,59611.84
3393,4189.61
2862,3817.36
3979,4436.0
51372,54015.62
57920,55473.44
60508,59881.22
5293,5309.91
49613,50144.24
63277,61806.54
7584,10832.06
49151,51163.63
3153,3636.29
60508,60505.76
9147,12405.16
1998,2261.41
4975,5280.54
54684,54684.0
6075,5406.96
21358,15437.68
12350,12814.61
7950,9511.5
5395,5279.13
3467,2952.53
6489,6824.42
55983,60472.8
8641,10547.08
3979,4870.82
2480,2726.71
57992,62395.15
2228,2402.75
5276,6269.46
16108,13432.04
4589,5061.04
5051,3059.71
3754,4651.22
2767,4522.8
41281,59695.76
36565,48291.89
74880,68155.16
6375,6120.01
60160,58867.24
20979,13756.17
40360,33043.54
7387,9515.72
5429,5700.78
11488,11601.29
3961,4393.61
4979,6215.72
4028,4164.89
1694,2069.87
45776,47968.33
5840,5450.92
11065,6126.97
10018,10386.78
4755,5227.65
11129,12509.37
42521,45507.21
16843,14870.91
2336,3728.0
2410,2466.671666666667
19416,14083.68
42457,47163.17
6690,6945.57
60260,52858.93
7543,5788.32
4909,5196.07
5293,6097.63
5037,5155.78
7484,7065.03
32923,32960.25
6578,6058.98
49177,53660.38
12920,7632.66
63277,58103.99
4663,5602.967999999999
51707,51862.1
44144,50243.3
56590,56223.53
9277,9807.25
7003,7585.03
7221,7219.17
4538,5830.79
8789,7553.92
4969,5623.19
4257,3904.76
5761,5785.6275
2250,2282.92
13410,16293.12
12007,11957.31
11696,14662.33
11448,13039.0
54608,45632.13
5660,6436.21
5937,6991.25
5503,4880.36
10269,7028.64
13947,13046.26
3330,6568.96
14313,7433.12
45033,49619.96
4202,5039.38
9840,10989.59
46097,51220.18
6000,5454.43
6568,6532.24
12166,14840.09
57920,58766.08
2836,3157.84
12150,15122.73
2361,2475.76
4354,4315.4
2203,2362.56
4663,5584.91
6909,4151.82
52287,60311.73
5934,5862.97
54608,65099.06
5250,4848.23
6489,6618.08
5379,5186.07
40593,43467.84
3014,3315.08
54841,52428.96
5696,5354.63
10744,11541.28
6463,5533.08
1543,2292.545333333333
6203,6116.66
4961,5327.29
56476,56341.85
54608,53718.96
49553,49758.56
4347,5339.82
3371,4970.77
4672,5490.88
5330,5194.06
44144,49366.28
5918,3960.41
48289,47947.64
63577,68654.61
6270,7972.33
60978,64940.78
5227,5372.28
72125,62911.02
69244,63990.48
7709,10097.29
55502,62860.59
6048,5481.535
49553,49590.26
22152,23668.17
5805,5460.83
53743,64288.25
6488,6661.55
44280,45717.95
53164,53396.98
7412,8159.17
5892,6188.05
10578,6947.73
3999,4255.05
71058,63418.49
9536,11990.22
61049,70025.75
60260,57742.4
7021,7900.25
3957,5035.07
68303,69627.0
7488,7696.44
5793,5507.01
6122,5702.8
43165,47899.54
5322,5420.03
18272,8664.4
59929,66575.07
5934,6289.64
51457,50725.8
7412,9329.18
4001,3721.68
39847,47111.61
4500,4333.96
11783,14789.63
6489,9883.36
5943,6208.87
4672,5152.62
12276,10610.51
3862,3890.27
9241,11644.08
13524,15989.18
4867,2810.69
54684,54684.0
12249,11319.02
45693,45598.69
53209,53479.19
44144,48001.48
49613,61873.69
10608,14199.85
5881,6448.46
2672,2877.64
4729,3347.26
5888,5725.496666666668
45693,45963.5
4961,5811.48
61404,68287.5
2723,2994.45
49553,50857.78
55377,55769.73
1714,1841.41
6488,6512.39
47586,44400.59
4262,7281.53
53624,59571.45
1776,1815.69
8501,5115.657
7227,5543.44
31762,51604.62
7425,9604.31
56444,44234.73
4496,4638.88
14702,11843.89
65529,68426.58
43430,59410.42
60160,71178.62
42546,52589.28
41281,49362.41
5289,6020.22
1551,1587.74
61933,60208.89
40084,50343.22
6583,6950.98
55377,59512.52
4173,4631.85
9901,9264.39
50969,51051.45
85327,78022.64
6432,5784.39
41269,43001.17
47217,51203.47
2124,2924.11
6450,6324.45
12389,12815.46
39499,40229.65
6843,6663.6
55983,60514.34
5761,5918.05
2857,4429.213333333334
13725,3081.18
45805,52643.58
6489,9149.86
5102,5945.89
3563,5724.21
45883,37772.17
3885,6230.75
3909,5350.901
11520,13547.955
45189,54155.81
3354,3699.29
4979,5542.96
7020,7640.74
2464,2464.019166666667
64173,61772.32
84756,69249.11
9083,5324.26
59948,65859.14
9085,9615.98
57565,66624.93
54684,73456.46
60396,46358.85
29825,52417.51
3393,3478.38
10967,9836.98
6067,6341.4
6450,6405.548833333333
5322,6037.88
15720,15203.86
2723,3245.8475
4499,4484.91
75597,59656.17
4896,4911.71
6759,6865.51
31398,27760.53
7677,7241.62
39555,55140.54
14784,16129.97
3916,4400.94
2250,2402.07
4229,4848.63
56590,62354.47
6488,6928.6
4499,4948.56
6437,5894.49
39499,40464.44
7072,5659.71
70220,64013.59
5623,5776.86
57081,56939.43
2646,3295.8
4027,4459.08
5485,3439.45
3860,4073.27
53152,49589.53
3549,3624.35
3543,4240.096904761905
3091,4944.76
6067,6153.13
6521,6898.84
53634,47937.58
2712,4543.24
11829,11147.12
5114,5559.26
6913,6745.43
14428,3291.916666666666
4498,4485.35
58125,53010.84
20979,13534.1
3571,4543.91
54684,54684.0
5817,5777.91
14766,11043.87
9879,9849.52
3108,2747.9366666666665
29656,30673.756666666668
5177,5641.43
42746,46359.77
50271,65749.24
3098,4203.02
50969,51188.88
5771,6620.81
11520,13956.0
72268,56662.42
4755,5277.59
45012,55362.3
5780,5812.99
5761,5908.25
12660,11066.37
3971,5529.51
7958,8096.4
3677,4773.46
60555,61901.23
15543,12079.1
16286,12252.46
67141,68373.07
6195,6679.56
45883,47093.98
4559,5372.06
20684,20814.22
6132,6435.47
47408,44362.43
17604,17598.62
58324,55734.2
4071,4425.97
9736,9080.46
6502,6542.74
5657,6242.72
10744,10512.64
4417,6128.09
9141,13431.25
42521,43528.79
7423,3725.43
5761,6349.1
6568,5528.68
4827,4540.19
52392,54336.65
7338,5979.53
9879,9974.9
17114,10631.66
4806,4464.05
43305,49974.16
2851,3264.2
1890,2392.27
51817,61178.82
4979,6561.33
3999,4129.05
7362,8129.1
67094,64100.27
60396,60134.34
6568,6338.41
5693,5168.86
7466,9014.83
2124,2124.0
49553,49583.08
60555,59890.69
2700,2847.05
72125,66911.39
4961,4570.8
13524,14465.404285714287
9073,5484.02
65529,64693.78
39682,47435.29
39499,41150.72
4367,4122.42
52570,49475.35
6339,6036.44
19658,14351.01
6075,6595.97
85935,61256.13
2050,3004.17
2336,2637.15
5654,4854.08
5507,7340.59
8580,4206.28
2792,2738.5
7488,7481.34
7425,7990.57
10009,12072.8
55502,65036.54
38099,40019.51
48478,31516.2
44405,39581.85
6082,4749.63
7553,6284.24
6883,7034.806666666666
3860,4421.34
63889,71947.11
5276,5410.0
4496,4521.71
3324,6565.55
2901,2703.33
20684,20684.0
62891,58733.97
44144,48755.23
69168,66921.76
6133,6165.35
36700,36764.04
4541,3985.33
51457,51078.09
51707,48078.96
4000,3969.88
57666,47669.37
1998,2397.51
2150,2495.87
7424,8518.98
17053,13115.62
2050,2435.41
5823,5850.54
32923,33053.22
5888,6309.0475
6068,4572.13
18765,17125.28
2203,2481.57
6489,6452.03
8913,6378.71
61873,68926.9
5206,5562.94
5007,7172.59
63277,50293.8
61899,65038.0
8988,9757.13
6794,5750.66
6368,5752.65
5507,7641.1
53645,55164.31
38099,46234.63
61695,64829.74
10122,12275.22
4781,5649.38
69168,68755.48
35532,49981.36
54777,54002.23
47217,53557.86
45805,55097.23
2518,2335.02
4827,5038.74
9141,10023.81
72339,72061.19
17177,7487.07
3090,3562.91
8988,9338.49
14658,12799.27
2476,2736.78
5441,5992.97
6186,6175.61
52287,66632.1
6488,6524.68
45693,42658.19
5810,5958.66
45883,42192.17
5622,5489.61
2339,2356.07
7844,6646.99
55377,54711.6
49177,61677.17
65832,55764.16
6314,5956.8
54608,63030.11
4783,5954.718333333334
9736,4384.61
35532,51448.06
9178,13363.02
55377,57009.26
54684,49320.78
54896,57369.32
3554,4715.52
51819,56531.3
5467,2434.91
4105,4071.63
35554,42768.1
3855,7184.12
60978,60250.6
5385,5271.69
5557,3128.47
2056,2124.44
4500,4574.03
5954,8364.03
42521,41787.2
89729,78742.09
4287,5450.34
7919,5756.12
49207,52015.08
20268,15907.83
59265,54722.43
58125,50798.96
19235,17486.71
55983,56114.03
13588,15890.53
4137,5553.93
6287,7317.34
5955,12105.375
6450,6795.14
53186,52247.44
4387,4500.65
4573,4818.333333333333
5148,6753.35
11415,11078.59
55377,54197.91
53937,55087.05
72783,75914.69
70543,60458.17
6488,7820.04
5798,5388.4495
52063,52457.24
43711,48364.54
15393,12652.0
46097,47862.59
84896,70746.39
5987,4342.91
60978,58812.63
5606,6293.17
57565,66511.5
19048,15639.25
7959,7915.38
5660,6423.2
7767,6239.4
13524,13833.93
11520,5369.09
9840,9770.13
5649,6120.3
5772,5800.53
13524,13500.62
5954,8243.7
1755,2008.77
2723,3212.8225
5760,5830.51
50969,48050.77
5949,6444.61
32859,32740.73
47576,41919.95
4022,3895.61
4294,4910.77
28872,34078.06
56702,52623.27
44280,56692.77
15374,16721.12
23944,24854.0
7212,6766.11
2410,3801.49
58125,54507.98
6067,6591.15
7584,9599.09
62524,62257.63
2704,2509.61
62045,69573.88
5227,3488.67
11520,11024.73
6195,7649.56
6296,6013.35
3551,5007.35
5504,4579.72
2900,2970.94
25600,25467.51
3334,3830.69
27976,26530.3
12978,11406.9
1106,1316.02
19798,11469.42
5698,3748.86
54896,57959.8
5293,7290.67
6165,5885.78
4228,5915.83
4417,6038.23
56273,71666.73
6161,6130.03
45693,45864.28
2476,2728.8
4593,4293.75
7919,9161.01
60396,53107.83
4909,5671.9
7352,7279.58
6489,15046.99
6437,5581.48
4517,4699.72
4914,4449.88
5126,5536.57
12348,8414.33
2410,3010.92
3999,3723.66
2339,2368.8
56590,55251.9
45883,46058.87
62524,68993.42
5454,5382.94
51345,51844.16
12990,13807.3
3720,5661.24
41281,41942.14
55502,56231.21
60365,58358.49
11452,5108.31
49613,49613.0
4663,5440.076666666668
47408,44498.81
4221,4476.83
3709,5453.63
4499,4492.29
51707,54698.52
84222,78129.72
52063,53888.13
57939,47576.64
47395,51667.37
57017,56031.82
2862,4756.62
5685,4635.1866666666665
7484,9967.65
2124,2124.02
4687,5325.06
6161,6002.07
4977,6303.08
38099,47676.85666666666
57920,56645.62
6578,5822.08
45883,42760.43
69650,51471.8
2339,2467.9
4028,3997.78
9999,8788.79
20684,20684.0
9879,10147.37
54684,70952.07
39499,40561.13
1443,1478.55
66063,65740.84
2738,2892.44
36700,35494.9
8803,5602.03
6930,5169.83
9798,9563.66
9798,9565.77
31982,31972.7
27864,27864.0
6389,5967.69
5740,5364.53
5409,4746.88
3782,3409.86
6821,7136.9
6312,6443.79
3971,4824.3
60232,59391.3
5954,5958.9
3015,3392.66
5943,6782.12
56702,43973.8825
3276,4166.44
5656,5554.67
6172,5567.4
5888,5977.18
56588,45474.37
1714,1864.0
2098,3036.235
13258,14263.96
54896,55629.27
44280,44044.31
12150,11121.82
3707,3667.86
10744,12541.725
61899,57241.11
31622,38415.09
7774,9975.92
7341,9090.3
6859,4562.73
4439,4673.44
2124,2124.1
32347,42575.24
5942,6469.72
55377,66090.99
4593,4343.05
15010,6945.1
12978,12628.2
5102,6426.88
45185,45274.35
4069,4505.73
4748,6388.22
2329,3057.56
51819,58028.34
49725,47636.02
7877,9325.33
60508,65013.355
5395,6845.15
53499,53369.99
12454,15922.84
3988,5107.9
5955,6111.95
6271,7585.22
4819,4263.45
4027,3285.89
85689,79432.79
10018,9667.3
59231,50271.0
4417,5169.66
4609,8758.95
6319,5926.5
41101,49247.92
51875,53309.79
56476,56226.22
4658,6099.723333333332
7431,8259.51
13303,14169.32
47205,48524.77
4792,4490.39
6109,5634.1425
28510,26097.46
8832,6680.84
45185,46033.865
4942,4804.87
6867,5900.18
2409,2636.39
2464,2795.39
3393,3505.41
53164,53625.27
16656,9987.14
51372,48335.04
4251,5327.85
6765,7149.83
5178,5873.8
4149,7004.31
5702,4329.25
6153,7094.13
13086,9968.07
12183,13059.276000000002
57003,53674.08
55983,56797.42
38099,42708.96
55983,62600.11
5103,5273.08
57920,60747.06
51817,50418.0
6584,6267.71
4499,4429.93
13054,11336.77
2476,2755.01
3951,3798.24
51457,56252.55
43811,43327.71
44144,56955.15
10575,10452.3
6450,7907.36
14524,15386.26
6332,5326.49
57920,57150.16
5178,5235.53
3961,5684.0
10680,12497.65
70233,59240.09
5881,9352.2
6568,6735.2
45883,46093.57
57017,58001.29
7125,6493.88
6163,7181.47
56588,53304.55
49725,48274.72
4454,4216.0825
60555,64108.92
8641,11043.64
10425,12557.23
59021,54600.85
4637,6964.84
10018,12853.69
5027,4463.29
60508,56020.43
1998,4281.96
47395,47771.62
66928,71310.11
7212,5579.246666666668
6765,6641.9
39842,41963.41
87917,79614.76
54608,46451.21
4687,4751.93
4589,5729.3
60260,46606.26
74844,71090.84
5949,7621.93
45672,52440.2
6345,4356.07
8112,8407.68
3860,4080.12
31982,32049.98
4339,4373.91
4508,4273.45
4453,4576.7625
49553,49314.02
11111,11596.31
4137,5549.23
2201,2251.69
10903,6171.2
10744,10653.85
38099,49524.48
3802,5264.66
3471,4947.26
10638,6397.7
4453,5616.6
5761,6266.38
53152,54063.33
4796,4930.31
4500,4518.91
65529,64916.64
12401,10887.78
44280,49303.7
3862,4771.15
5275,3281.38
52175,50628.84
69885,62182.98
6450,6670.92
6933,5198.36
60365,62983.72
8043,7944.36
69825,62759.26
4898,6005.38
32923,31767.98
58394,56604.47
5177,5332.84
52063,52161.4
3621,4944.3
4827,4961.79
2276,3315.46
5657,5796.12
51117,53287.14
8899,8064.33
4499,4447.94
4732,5201.9
22152,27443.72
4149,4755.31
6930,8458.533333333333
50297,49530.35
2339,2462.25
3219,4683.71
39321,45738.19
35490,45752.27
9141,10782.31
4099,4306.996666666666
59021,44133.13
51457,49406.66
82777,46947.89
41314,46443.29
3453,3191.17
5639,4947.08
11678,11213.6
61889,56233.95
45600,53207.59
76681,68598.83
57939,50533.66
1890,3279.35
4596,4871.796666666666
51707,50497.36
5772,6099.5
1776,1779.38
44081,47947.71
74981,66813.75
5136,3926.41
60589,49747.74
35490,43757.08
9141,10716.76
4896,5991.39
2343,2922.76
4233,4378.04
8111,8372.81
2477,2772.06
5667,5664.1
62793,54210.48
1550,1628.73
51819,58869.99
3334,4139.88
4469,4657.33
12557,14256.32
60508,60926.28
3574,4321.39
4190,4055.095
5006,5557.77
6132,5197.81
45693,46039.17
62448,62795.71
32646,44012.04
16213,14854.02
9201,10331.25
14028,12427.52
4041,4787.11
4048,8055.32
4684,6308.03
5117,3670.03
5126,5505.52
45805,56007.37
45693,45865.71
22140,22685.55
57081,64082.72
6578,6119.08
2900,2968.09
4363,4154.49
7487,7854.79
63362,58790.71
50271,50195.96
3916,3802.31
5563,4817.5
6067,6265.46
76681,68899.88
13604,10215.05
52287,60375.14
15728,14673.95
3275,2918.17
6461,6747.14
41064,49897.99
5632,6030.8
1543,1752.01
2050,2149.38
6412,9696.46
2857,4265.92
3014,3277.78
51384,56375.47
49207,59669.15
60555,60669.64
6117,5517.49
5042,9150.09
4020,4375.27
52175,53737.63
5660,6377.42
3428,3001.97
10680,13929.71
8112,10204.81
80544,61431.25
5338,3429.0
5042,5245.922666666667
15154,11714.82
4672,5051.34
42521,43621.03
45995,54733.88
10680,4576.72
5232,4932.66
65529,65961.31
10271,10851.89
7425,7481.19
5569,5777.88
2098,4040.36
4297,5326.05
72268,63505.55
32923,29806.52
5761,6319.02
1830,1854.21
5603,5127.066666666667
5937,7411.66
87413,64177.37
2738,3049.57
4069,3761.97
14524,11493.67
58315,58382.04
5617,6732.07
3860,4871.25
9879,10352.01
4079,4047.17
6634,4910.04
8247,8064.99
5232,5045.72
4007,3896.31
13474,15327.05
1550,1662.71
13944,14101.44
3862,8029.69
23944,23734.96
13394,14339.37
12054,11818.98
7813,9851.17
2271,2587.95
5549,6296.28
3709,6270.85
13338,12977.37
1830,1912.61
6461,7774.14
4999,5065.52
2309,2606.22
45185,46257.45
3393,3975.6409999999996
5942,5546.29
49725,47172.16
71058,54134.96
5724,5642.32
10018,10656.52
3990,4473.0
53164,63247.5
5398,5016.03
50271,51297.01
6133,6213.96
5949,6411.4
20684,20731.4
49553,49481.78
51817,56533.33
3909,5023.82
7076,6267.09
5235,5721.42
3090,3156.73
44610,49793.14
5574,5563.943333333334
54608,50029.22
4755,5144.49
3775,5816.57
59469,82752.92
3000,3339.04
4499,4891.32
1543,2711.16
10469,7088.52
7640,6781.89
5523,6959.61
51707,50868.61
42521,51157.09
7412,7277.67
44478,47315.87
11448,14501.68
8433,8813.26
62188,60548.33
9377,10828.72
13592,9897.65
56590,54751.54
4202,6634.55
67141,66313.26
7790,6056.86
4357,4589.7
11310,10475.12
10733,9008.37
5569,5508.06
60365,57440.97
16176,12759.25
60396,58959.79
41269,40617.64
11783,20154.84
55502,56368.71
4359,7377.68
7257,5933.63
2410,3236.558
5648,4158.29
6292,5633.66
53152,52463.45
64831,66018.55
2056,2325.42
7109,7273.28
4838,4131.99
6489,7248.59
4348,5190.06
4757,6192.45
11553,14669.12
7496,5308.5233333333335
56058,54602.67
5772,6144.1
7958,7742.01
69113,48927.5
10733,10772.06
51372,47992.77
78870,62846.57
67004,68868.03
4111,5016.84
5619,4371.96
2700,2737.8
10523,11785.64
55502,55655.54
2124,2131.77
4637,4911.23
4071,3899.24
4044,5546.43
1998,2260.93
4500,4743.33
51372,45623.3
47586,44490.38
5511,3576.63
3012,3504.05
49553,50048.73
54840,57001.66
11129,12714.46
65529,65422.47666666667
84075,73245.84
49553,46819.05
54608,54948.93
12045,11620.08
72125,60792.27333333334
4071,3288.99
4417,5275.29
4491,3978.74
9284,14682.58
66155,56947.14
5045,4740.93
5760,6904.41
41064,57298.19
3697,2675.2499999999995
70543,59453.31
60074,52674.75
5955,6004.51
61933,60570.12
11664,10008.84
48079,49160.72
7584,11184.51
10456,6664.96
49613,49613.0
4811,4899.47
5949,6025.2
60508,59528.35
44280,48679.71
4071,3671.435
15624,13518.42
42457,41555.29
45883,45883.0
54608,54725.13
5410,5581.93
55982,54856.23166666666
6158,6684.67
89709,81994.52
2901,2747.05
12918,13938.4
4637,4846.89
7489,7252.75
43165,46803.43
6946,5192.02
41113,43086.81
5178,7841.42
4538,5826.55
6534,7364.44
4363,5700.59
6122,5638.19
2098,2093.44
8641,11370.61
2409,2454.12
5102,5453.05
10680,11205.34
6172,6159.85
39321,36460.28
14364,13290.63
24056,24369.513333333336
1776,1812.22
4121,4484.57
6231,4887.12
51875,53129.36
50815,35678.17
5507,5702.1475
91364,65173.94
45097,53780.77
56590,55490.02
54608,54719.0
11698,11352.34
14178,15059.72
61583,63560.42
51707,51486.57
7576,5697.07
6461,6707.17
4836,5958.36
49177,53465.15
5569,5060.32
2874,4135.23
10836,8760.5
10680,12888.46
10091,8553.7
44652,36675.28
10680,11204.84
3000,2764.63
7894,8765.58
2464,2449.0
7425,12384.27
5800,5636.69
19311,15007.97
8587,5346.1
8198,6407.49
3014,3089.63
5293,10251.71
9904,13838.77
3987,3429.53
3911,3595.38
8112,7473.43
49613,49889.94
6724,4819.411666666667
13947,15922.89
6165,9466.45
11383,10741.94
54777,49325.13
6090,6638.3
51697,50778.2
7224,6905.69
4357,4518.87
3622,2948.97
6502,6035.74
7950,10113.54
6679,5619.87
3763,5240.57
10090,10060.65
6163,6783.0
40843,51533.92
49613,58171.78
5269,6289.64
49553,49611.24
14002,13585.18
5964,3942.24
5954,6882.17
51817,59090.2525
60396,58751.72
54684,54934.17
45883,46141.75
53164,51470.77
5548,6020.379166666667
10058,9898.54
4500,4490.96
6084,4684.046666666666
64173,63048.53
45600,51617.92
5303,7248.45
38099,42578.38
5502,5588.71
79517,61413.17
7579,8258.97
53152,53307.87
4876,4889.3
5041,8104.0
4453,9649.25
13047,11600.22
3050,5668.66
2477,2777.5
36700,37456.48
62188,65297.323333333334
6461,7825.84
22152,25229.68
4500,4518.85
7424,4394.43
6312,4292.97
5014,4786.17
2343,2637.44
35520,40829.51
11520,12403.2
6296,6524.6
12603,13088.66
6747,5627.9366666666665
10849,11377.66
2124,2564.51
7352,7278.36
1830,2909.72
3771,3821.76
59033,58738.19
18233,10435.55
5352,6167.89
5445,5856.46
51372,51242.18
5322,5426.93
6270,6266.805
6294,6221.32
4971,6299.81
54608,57322.21
41314,43514.01
37432,42239.92
4028,4516.97
7267,4187.43
6489,7233.49
37985,41567.27
52175,59175.84
7484,7123.7
1830,2819.14
2339,2822.7259999999997
3489,4109.49
41281,55224.8
5102,5711.32
2250,2326.9
62625,54543.09
49553,62918.15
3916,4321.49
4011,4123.07
7474,7682.5
5677,5893.645
55983,62982.24
4272,7242.4
3988,5167.95
57405,50756.5
2124,2124.1
3446,6179.36
4454,4206.5325
9922,2448.5
6067,6063.93
6172,6121.29
68317,57583.35
6764,4601.0
2410,2443.19
46097,46137.87
1106,1278.17
5806,6372.14
4390,4742.69
54684,64103.11
5177,8355.48
58970,46606.43
49207,57150.09
2339,2358.7233333333334
37985,49232.53
10018,10508.4
11675,14402.23
54841,52286.39
53164,52826.17
12054,11924.45
6488,8430.9
5760,10169.23
3234,5131.74
5179,6449.34
2974,2611.77
53164,54671.77
6158,6600.78
2437,2763.58
12990,12542.04
9105,10419.37
4363,6388.543333333334
8869,9928.93
1830,2019.9
55983,56132.23
14283,23290.89
29656,28867.96
2124,2124.0
6314,6269.29
74844,71788.45
6194,5288.14
4168,4708.5
4915,3434.51
3543,4105.63
59033,52125.75
4827,4520.83
5152,5323.41
4672,5594.57
61161,65528.61
4501,4508.45
13089,14461.58
2343,1753.92
6156,6032.31
5656,5477.59
4499,4157.3625
5224,5138.69
19616,23938.37
5037,6088.11
1544,3555.74
13524,15326.84
3862,4010.95
4111,4221.29
59033,57219.86
2464,2508.24
4971,5457.43
4249,5328.97
15414,9247.01
4387,4857.77
6714,5879.59
52175,53498.37
2228,2232.98
5953,8609.72
9447,12352.23
5333,3622.245
6122,5650.95
6461,7079.36
77120,70420.24
3999,4255.05
5654,4279.31
5606,5516.4
3862,3929.94
9093,11156.31
4827,4812.0
41281,45419.69
49613,61940.67
50361,53513.58
53164,52768.7
1830,1897.17
6645,7077.96
5955,5979.67
49725,48084.82
6578,6791.14
5276,5331.1
80077,65375.72
12304,12410.26
5622,6520.15
5955,5958.96
36577,37957.51
2410,3474.57
6510,5928.34
4501,4491.53
14014,15926.06
1543,3254.14
32923,31973.3
4367,3774.38
11069,10753.99
6692,8006.93
3813,3781.47
5805,5117.41
5817,6046.76
65529,66654.17
2276,2485.12
12424,18882.47
47408,44614.21
53152,52204.81
10744,19504.82
5772,6257.821999999999
7141,8342.6
64173,62522.15
56879,72152.92
6339,5988.12
42724,40677.88
3243,4513.095
5177,10375.18
6816,4979.67
5918,6764.48
4099,4527.31
49613,61776.24
5101,9263.07
3988,5261.84
4612,5174.49
4496,4857.24
47395,48310.75
72339,68348.37
7958,6653.51
6592,6727.07
3571,4958.69
47586,46433.73
6158,6070.49
49613,50647.85
6122,4372.45
5523,7069.44
12465,14428.9
6458,7086.97
3644,6558.6
4724,5569.43
66928,65045.85
4896,4928.7
45693,46496.75
4099,4722.55
4262,4400.07
3379,3515.04
32859,32416.49
4496,4735.91
66155,62747.37
40296,34559.78
3209,4090.56
7425,7406.54
42746,45105.04
11520,12448.7
6578,7223.22
9064,11118.76
5820,5477.343333333334
4099,4791.58
6015,5869.37
11675,14370.61
6300,6364.46
6158,5968.96
12150,12467.75
5543,4444.65
6349,5803.34
48213,48366.27
1604,1784.65
57405,54599.62
10069,10099.24
8307,9328.46
5975,9274.56
57003,56573.84
6389,5805.82
52175,55668.07
64285,62317.5
45257,52237.24
3862,3864.42
3916,4391.38
58315,56916.63
8111,7086.03
5955,6025.71
64025,56432.66
8803,6062.92
7584,8358.45
4236,5465.79
2336,2884.86
49613,57284.426666666666
51595,52261.01
3687,4243.86
32923,31870.64
53082,53017.39
13138,14264.75
28510,34793.77
6840,8743.43
34472,35926.94
35490,43047.42
2276,2325.34
45185,50725.54333333334
45693,45938.01
5547,11345.05
5421,4684.36
5109,5787.27
1776,1817.99
5060,4115.14
67881,67145.88
5955,12864.68
2098,3685.37
4390,4203.59
11520,11025.08
5606,6295.02
44280,45816.07
5087,6260.24
1444,1479.46
36565,45753.18
5102,7366.25
5622,5603.56
37985,42664.01
62255,53756.35
2124,2124.44
14014,15564.735
11129,15113.66
10967,9400.29
6489,8783.49
13474,14682.03
2900,2923.34
7329,7200.83
4205,4375.89
5027,4201.55
5042,6358.39
60396,58689.38
5989,4712.9
38099,39572.87
4969,5715.97
3727,3626.22
41314,47832.89
2476,2622.25
45257,48142.07
2250,2325.74
11553,16523.28
3393,3489.76
12348,9025.55
43376,48560.82
44144,47309.69
34472,36887.12
51875,53482.38
4637,5132.21
4239,7354.08
20746,6795.59
82113,70643.84
82317,69775.86
7237,5375.79
5176,8923.25
2994,3779.09
8757,9962.3
5954,7005.13
4896,5412.9
50271,50238.97
76834,65701.18
60396,50030.39
5954,8071.74
1890,2221.39
60713,65079.51
6578,5535.03
18123,15288.38
15204,17218.1
3153,3036.01
9201,12047.54
5102,5020.03
12847,8282.45
55377,56742.25
5761,5920.9
3603,3380.5
4262,5774.12
53164,71000.87
2339,3458.82
6133,6039.47
6158,5938.13
5955,6132.06
5339,6331.96
13002,15259.1
62617,61535.15
9916,6445.97
8605,8954.39
4173,5248.42
59306,57990.49
4181,5056.36
10248,10634.9
4209,5998.84
6200,5126.94
8322,9385.52
3987,3653.17
49613,63182.9
